Machine,User,Run_Date,Sample_Type,Sample1,Sample_Year,Sample_Month,Sample_Day,Sample_Time,Time_Zone,G_W,Sample_Plot,Sample_Grid,Sample_Depth,Sample_ID,Dilution_Factor,STD_Conc,CO2_Area,CH4_Area,Field_Notes,Lab_Notes
,,,Blank,Blank,,NA,NA,NA,NA,G,NA,NA,NA,Blank_0,1,0,,,,
,,,STD_CH4,STD_CH4,,NA,NA,NA,NA,G,NA,NA,NA,Blank_0_repeatforCH4,1,0,,,,
,,,STD_CO2,STD_CO2,,NA,NA,NA,NA,G,NA,NA,NA,Blank_0_repeatforCO2,1,0,,,,
,,,STD_CH4,STD_CH4,,NA,NA,NA,NA,G,NA,NA,NA,STD_1ppm_CH4,1,1,,,,
,,,STD_CH4,STD_CH4,,NA,NA,NA,NA,G,NA,NA,NA,STD_2.5ppm_CH4,1,2.5,,,,
,,,STD_CH4,STD_CH4,,NA,NA,NA,NA,G,NA,NA,NA,STD_5ppm_CH4,1,5,,,,
,,,STD_CH4,STD_CH4,,NA,NA,NA,NA,G,NA,NA,NA,STD_10ppm_CH4,1,10,,,,
,,,STD_CH4,STD_CH4,,NA,NA,NA,NA,G,NA,NA,NA,STD_25ppm_CH4,1,25,,,,
,,,STD_CH4,STD_CH4,,NA,NA,NA,NA,G,NA,NA,NA,STD_50ppm_CH4,1,50,,,,
,,,STD_CH4,STD_CH4,,NA,NA,NA,NA,G,NA,NA,NA,STD_100ppm_CH4,1,100,,,,
,,,STD_CH4,STD_CH4,,NA,NA,NA,NA,G,NA,NA,NA,STD_250ppm_CH4,1,250,,,,
,,,STD_CH4,STD_CH4,,NA,NA,NA,NA,G,NA,NA,NA,STD_500ppm_CH4,1,500,,,,
,,,STD_CH4,STD_CH4,,NA,NA,NA,NA,G,NA,NA,NA,STD_2500ppm_CH4,1,2500,,,,
,,,STD_CH4,STD_CH4,,NA,NA,NA,NA,G,NA,NA,NA,STD_5000ppm_CH4,1,5000,,,,
,,,STD_CH4,STD_CH4,,NA,NA,NA,NA,G,NA,NA,NA,STD_10000ppm_CH4,1,10000,,,,
,,,STD_CO2,STD_CO2,,NA,NA,NA,NA,G,NA,NA,NA,STD_125ppm_CO2,1,125,,,,
,,,STD_CO2,STD_CO2,,NA,NA,NA,NA,G,NA,NA,NA,STD_500ppm_CO2,1,500,,,,
,,,STD_CO2,STD_CO2,,NA,NA,NA,NA,G,NA,NA,NA,STD_2500ppm_CO2,1,2500,,,,
,,,STD_CO2,STD_CO2,,NA,NA,NA,NA,G,NA,NA,NA,STD_5000ppm_CO2,1,5000,,,,
,,,STD_CO2,STD_CO2,,NA,NA,NA,NA,G,NA,NA,NA,STD_50000ppm_CO2,1,50000,,,,
,,,Blank,Blank,,NA,NA,NA,NA,G,NA,NA,NA,Blank_1,1,0,,,,
,,,Unknown,SGW,2025,July,17,1206,EDT,G,Control,C3,10,1,1,NA,,,,
,,,Unknown,SGW,2025,July,17,1207,EDT,G,Control,C3,20,2,1,NA,,,,
,,,Unknown,SGW,2025,July,17,1209,EDT,G,Control,C3,35,3,1,NA,,,,
,,,Unknown,SGW,2025,July,17,1210,EDT,G,Control,C3,50,4,1,NA,,,some water but still able to get gas sample,
,,,Unknown,SGW,2025,July,17,1211,EDT,G,Control,C6,10,5,1,NA,,,,
,,,Unknown,SGW,2025,July,17,1212,EDT,G,Control,C6,20,6,1,NA,,,,
,,,Unknown,SGW,2025,July,17,1213,EDT,G,Control,C6,35,7,1,NA,,,,
,,,Unknown,SGW,2025,July,17,1214,EDT,G,Control,C6,50,8,1,NA,,,12 mL,
,,,Unknown,SGW,2025,July,17,1200,EDT,G,Control,F4,10,9,1,NA,,,,
,,,Unknown,SGW,2025,July,17,1202,EDT,G,Control,F4,20,10,1,NA,,,,
,,,Unknown,SGW,2025,July,17,1203,EDT,G,Control,F4,35,11,1,NA,,,some water but still able to get gas sample,
,,,Unknown,SGW,2025,July,17,1204,EDT,G,Control,F4,50,12,1,NA,,,,
,,,Unknown,SGW,2025,July,17,1205,EDT,G,Control,F4,ATM,13,1,NA,,,,
,,,Unknown,SGW,2025,July,17,1149,EDT,G,Control,H3,10,14,1,NA,,,,
,,,Unknown,SGW,2025,July,17,1149,EDT,G,Control,H3,20,15,1,NA,,,,
,,,Unknown,SGW,2025,July,17,1150,EDT,G,Control,H3,35,16,1,NA,,,,
,,,Unknown,SGW,2025,July,17,1153,EDT,W,Control,H3,50,17,1,NA,,,,
,,,Unknown,SGW,2025,July,17,1156,EDT,G,Control,H6,10,18,1,NA,,,,
,,,Unknown,SGW,2025,July,17,1157,EDT,G,Control,H6,20,19,1,NA,,,,
,,,Unknown,SGW,2025,July,17,1158,EDT,G,Control,H6,35,20,1,NA,,,,
,,,Unknown,SGW,2025,July,17,1159,EDT,G,Control,H6,50,21,1,NA,,,,
,,,CHKSTD,CHKSTD,,NA,NA,NA,NA,G,NA,NA,NA,CHKSTD_5ppm_CH4_0,1,5,,,,
,,,Blank,Blank,,NA,NA,NA,NA,G,NA,NA,NA,Blank_2,1,0,,,,
,,,Unknown,SGW,2025,July,17,1217,EDT,G,Saltwater,C3,10,22,1,NA,,,,
,,,Unknown,SGW,2025,July,17,1218,EDT,G,Saltwater,C3,20,23,1,NA,,,,
,,,Unknown,SGW,2025,July,17,1220,EDT,G,Saltwater,C3,35,24,1,NA,,,,
,,,Unknown,SGW,2025,July,17,NA,EDT,NA,Saltwater,C3,50,25,1,NA,NA,NA,stop cock left open; no sample,
,,,Unknown,SGW,2025,July,17,1222,EDT,G,Saltwater,C6,10,26,1,NA,,,,
,,,Unknown,SGW,2025,July,17,1223,EDT,G,Saltwater,C6,20,27,1,NA,,,,
,,,Unknown,SGW,2025,July,17,1224,EDT,G,Saltwater,C6,35,28,1,NA,,,,
,,,Unknown,SGW,2025,July,17,1225,EDT,G,Saltwater,C6,50,29,1,NA,,,,
,,,Unknown,SGW,2025,July,17,1226,EDT,G,Saltwater,F4,10,30,1,NA,,,,
,,,Unknown,SGW,2025,July,17,1227,EDT,G,Saltwater,F4,20,31,1,NA,,,,
,,,Unknown,SGW,2025,July,17,1228,EDT,G,Saltwater,F4,35,32,1,NA,,,19 mL,
,,,Unknown,SGW,2025,July,17,1229,EDT,G,Saltwater,F4,50,33,1,NA,,,,
,,,Unknown,SGW,2025,July,17,1230,EDT,G,Saltwater,F4,ATM,34,1,NA,,,,
,,,Unknown,SGW,2025,July,17,1232,EDT,G,Saltwater,H3,10,35,1,NA,,,,
,,,Unknown,SGW,2025,July,17,1233,EDT,G,Saltwater,H3,20,36,1,NA,,,,
,,,Unknown,SGW,2025,July,17,1234,EDT,G,Saltwater,H3,35,37,1,NA,,,,
,,,Unknown,SGW,2025,July,17,1235,EDT,G,Saltwater,H3,50,38,1,NA,,,,
,,,Unknown,SGW,2025,July,17,1241,EDT,G,Saltwater,H6,10,39,1,NA,,,,
,,,Unknown,SGW,2025,July,17,1242,EDT,G,Saltwater,H6,20,40,1,NA,,,,
,,,Unknown,SGW,2025,July,17,1242,EDT,G,Saltwater,H6,35,41,1,NA,,,,
,,,Unknown,SGW,2025,July,17,1243,EDT,G,Saltwater,H6,50,42,1,NA,,,,
,,,CHKSTD,CHKSTD,,NA,NA,NA,NA,G,NA,NA,NA,CHKSTD_5ppm_CH4_1,1,5,,,,
,,,Blank,Blank,,NA,NA,NA,NA,G,NA,NA,NA,Blank_3,1,0,,,,
,,,Unknown,SGW,2025,July,17,1252,EDT,G,Freshwater,C3,10,43,1,NA,,,,
,,,Unknown,SGW,2025,July,17,1253,EDT,G,Freshwater,C3,20,44,1,NA,,,,
,,,Unknown,SGW,2025,July,17,1254,EDT,G,Freshwater,C3,35,45,1,NA,,,,
,,,Unknown,SGW,2025,July,17,1255,EDT,G,Freshwater,C3,50,46,1,NA,,,,
,,,Unknown,SGW,2025,July,17,1248,EDT,G,Freshwater,C6,10,47,1,NA,,,,
,,,Unknown,SGW,2025,July,17,1249,EDT,G,Freshwater,C6,20,48,1,NA,,,,
,,,Unknown,SGW,2025,July,17,1250,EDT,G,Freshwater,C6,35,49,1,NA,,,,
,,,Unknown,SGW,2025,July,17,1251,EDT,G,Freshwater,C6,50,50,1,NA,,,,
,,,Unknown,SGW,2025,July,17,1256,EDT,G,Freshwater,F4,10,51,1,NA,,,,
,,,Unknown,SGW,2025,July,17,1257,EDT,G,Freshwater,F4,20,52,1,NA,,,,
,,,Unknown,SGW,2025,July,17,1258,EDT,G,Freshwater,F4,35,53,1,NA,,,,
,,,Unknown,SGW,2025,July,17,1258,EDT,G,Freshwater,F4,50,54,1,NA,,,,
,,,Unknown,SGW,2025,July,17,1259,EDT,G,Freshwater,F4,ATM,55,1,NA,,,,
,,,Unknown,SGW,2025,July,17,1300,EDT,G,Freshwater,H3,10,56,1,NA,,,,
,,,Unknown,SGW,2025,July,17,1301,EDT,G,Freshwater,H3,20,57,1,NA,,,,
,,,Unknown,SGW,2025,July,17,1301,EDT,G,Freshwater,H3,35,58,1,NA,,,,
,,,Unknown,SGW,2025,July,17,1302,EDT,G,Freshwater,H3,50,59,1,NA,,,,
,,,Unknown,SGW,2025,July,17,1303,EDT,G,Freshwater,H6,10,60,1,NA,,,,
,,,Unknown,SGW,2025,July,17,1304,EDT,G,Freshwater,H6,20,61,1,NA,,,,
,,,Unknown,SGW,2025,July,17,1305,EDT,G,Freshwater,H6,35,62,1,NA,,,,
,,,Unknown,SGW,2025,July,17,1306,EDT,G,Freshwater,H6,50,63,1,NA,,,,
,,,CHKSTD,CHKSTD,,NA,NA,NA,NA,G,NA,NA,NA,CHKSTD_5ppm_CH4_2,1,5,,,,
,,,Blank,Blank,,NA,NA,NA,NA,G,NA,NA,NA,Blank_4,1,0,,,,
