Machine,User,Run_Date,Sample_Type,Type1,Sample ID,Dilution_Factor,STD_Conc,CO2_Area,CH4_Area,Lab_Notes
Varian GC,,20230107,,,1,,,957531,475,
Varian GC,,20230107,,,2,,,893132,600,
Varian GC,,20230107,,,3,,,1063728,694,
Varian GC,,20230107,,,4,,,1564280,744,
Varian GC,,20230107,,,5,,,559695,826,
Varian GC,,20230107,,,6,,,848644,732,
Varian GC,,20230107,,,7,,,868241,769,
Varian GC,,20230107,,,8,,,1345921,759,
Varian GC,,20230107,,,9,,,49821,839,
Varian GC,,20230107,,,10,,,672353,797,
Varian GC,,20230107,,,11,,,1450185,652,
Varian GC,,20230107,,,12,,,1172765,782,
Varian GC,,20230107,,,13,,,1439924,791,
Varian GC,,20230107,,,14,,,535518,821,
Varian GC,,20230107,,,15,,,1640414,549,
Varian GC,,20230107,,,16,,,841387,818,
Varian GC,,20230107,,,17,,,1401431,853,
Varian GC,,20230107,,,18,,,610686,2188,
Varian GC,,20230107,,,19,,,919017,834,
Varian GC,,20230107,,,20,,,1696020,1150,
Varian GC,,20230107,,,21,,,1765168,1101,
Varian GC,,20230107,,,22,,,1185642,1196,
Varian GC,,20230107,,,23,,,1129312,1035,
Varian GC,,20230107,,,24,,,1521958,1568,
Varian GC,,20230107,,,25,,,1628904,4363,
Varian GC,,20230107,,,26,,,812367,5076,
Varian GC,,20230107,,,27,,,1618560,1253,
Varian GC,,20230107,,,28,,,1779941,1114,
Varian GC,,20230107,,,29,,,1808991,2590,
Varian GC,,20230107,,,30,,,43004,752,
Varian GC,,20230107,,,31,,,712967,1149,
Varian GC,,20230107,,,32,,,1194610,1759,
Varian GC,,20230107,,,33,,,1214326,844,
Varian GC,,20230107,,,34,,,1325305,1078,
Varian GC,,20230107,,,35,,,764892,3834,
Varian GC,,20230107,,,36,,,1963040,948,
Varian GC,,20230107,,,37,,,1529691,2366,
Varian GC,,20230107,,,38,,,1694527,1832,
Varian GC,,20230107,,,39,,,60034,1597,
Varian GC,,20230107,,,40,,,59401,1257,
Varian GC,,20230107,,,41,,,32325,688,
Varian GC,,20230107,,,42,,,35230,740,
Varian GC,,20230107,,,43,,,21857,435,
Varian GC,,20230107,,,44,,,22007,526,
Varian GC,,20230107,,,45,,,9939,0,No assigned peak for CH4. 
Varian GC,,20230107,,,46,,,10035,222,
Varian GC,,20230107,,,47,,,7179,202,
Varian GC,,20230107,,,48,,,10583,229,
Varian GC,,20230107,,,49,,,51504,1192,
Varian GC,,20230107,,,50,,,50692,1144,
